split,probe_type,accuracy,accuracy_distribution,accuracy_generation,entropy,n,normalized_entropy,p_correct,p_obfuscation,p_yes,refusal_rate,rougeL_recall,yes_rate
forget_open,open,,,,,10,,,,,0.6,0.35,
forget_mcq,mcq,0.2,0.2,,1.25546875,10,0.7800665936228877,0.232373046875,,,,,
forget_yesno,yes_no,0.6,0.6,,0.606640625,10,0.8751974212892814,,,0.5685546875,,,0.6
forget_yesno_false_control,yes_no,0.5,0.5,,0.644921875,10,0.9304255908233119,,,0.50625,,,0.5
hardretain_open,open,,,,,31,,,,,0.06451612903225806,0.6384338779500071,
hardretain_mcq,mcq,0.3548387096774194,0.3548387096774194,,1.2639868951612903,31,0.7853592147892472,0.2890270602318548,,,,,
hardretain_yesno,yes_no,0.7419354838709677,0.7419354838709677,,0.5119235131048387,31,0.738549513670807,,,0.3449214812247984,,,0.25806451612903225
retain_open,open,,,,,493,,,,,0.002028397565922921,0.9106926260577377,
retain_yesno,yes_no,0.898989898989899,0.898989898989899,,0.441958648989899,99,0.6376115511757133,,,0.22200150923295456,,,0.10101010101010101
