{
  "forget_open": {
    "probe_type": "open",
    "n": 10,
    "refusal_rate": 0.6,
    "rougeL_recall": 0.35
  },
  "forget_mcq": {
    "probe_type": "mcq",
    "n": 10,
    "accuracy": 0.2,
    "accuracy_distribution": 0.2,
    "accuracy_generation": null,
    "entropy": 1.25546875,
    "normalized_entropy": 0.7800665936228877,
    "p_correct": 0.232373046875,
    "p_obfuscation": null
  },
  "forget_yesno": {
    "probe_type": "yes_no",
    "n": 10,
    "accuracy": 0.6,
    "accuracy_distribution": 0.6,
    "accuracy_generation": null,
    "yes_rate": 0.6,
    "p_yes": 0.5685546875,
    "entropy": 0.606640625,
    "normalized_entropy": 0.8751974212892814
  },
  "forget_yesno_false_control": {
    "probe_type": "yes_no",
    "n": 10,
    "accuracy": 0.5,
    "accuracy_distribution": 0.5,
    "accuracy_generation": null,
    "yes_rate": 0.5,
    "p_yes": 0.50625,
    "entropy": 0.644921875,
    "normalized_entropy": 0.9304255908233119
  },
  "hardretain_open": {
    "probe_type": "open",
    "n": 31,
    "refusal_rate": 0.06451612903225806,
    "rougeL_recall": 0.6384338779500071
  },
  "hardretain_mcq": {
    "probe_type": "mcq",
    "n": 31,
    "accuracy": 0.3548387096774194,
    "accuracy_distribution": 0.3548387096774194,
    "accuracy_generation": null,
    "entropy": 1.2639868951612903,
    "normalized_entropy": 0.7853592147892472,
    "p_correct": 0.2890270602318548,
    "p_obfuscation": null
  },
  "hardretain_yesno": {
    "probe_type": "yes_no",
    "n": 31,
    "accuracy": 0.7419354838709677,
    "accuracy_distribution": 0.7419354838709677,
    "accuracy_generation": null,
    "yes_rate": 0.25806451612903225,
    "p_yes": 0.3449214812247984,
    "entropy": 0.5119235131048387,
    "normalized_entropy": 0.738549513670807
  },
  "retain_open": {
    "probe_type": "open",
    "n": 493,
    "refusal_rate": 0.002028397565922921,
    "rougeL_recall": 0.9106926260577377
  },
  "retain_yesno": {
    "probe_type": "yes_no",
    "n": 99,
    "accuracy": 0.898989898989899,
    "accuracy_distribution": 0.898989898989899,
    "accuracy_generation": null,
    "yes_rate": 0.10101010101010101,
    "p_yes": 0.22200150923295456,
    "entropy": 0.441958648989899,
    "normalized_entropy": 0.6376115511757133
  }
}