split,probe_type,accuracy,accuracy_distribution,accuracy_generation,entropy,n,normalized_entropy,p_correct,p_obfuscation,p_yes,refusal_rate,rougeL_recall,yes_rate
forget_open,open,,,,,11,,,,,0.6363636363636364,0.49242424242424243,
forget_mcq,mcq,0.5454545454545454,0.5454545454545454,0.5454545454545454,1.2809955116856806e-13,11,1.018786895903205e-11,6.991566416723252e-15,,,,,
forget_yesno,yes_no,0.7272727272727273,0.7272727272727273,,0.6100852272727273,11,0.8801669319059798,,,0.6075994318181818,,,0.7272727272727273
forget_yesno_false_control,yes_no,0.36363636363636365,0.36363636363636365,,0.5656960227272727,11,0.8161268466392467,,,0.5246360085227273,,,0.6363636363636364
hardretain_open,open,,,,,39,,,,,0.23076923076923078,0.5213020040045451,
hardretain_mcq,mcq,0.8974358974358975,0.8974358974358975,0.8974358974358975,3.5455683972830416e-13,39,2.819821450371182e-11,3.143532442897787e-14,,,,,
hardretain_yesno,yes_no,0.7692307692307693,0.7692307692307693,,0.5140224358974359,39,0.7415776191748961,,,0.3368514623397436,,,0.23076923076923078
retain_open,open,,,,,493,,,,,0.012170385395537525,0.8997933551686088,
retain_yesno,yes_no,0.9090909090909091,0.9090909090909091,,0.4316061000631313,99,0.6226759801785051,,,0.2155404139046717,,,0.09090909090909091
