{
  "forget_open": {
    "probe_type": "open",
    "n": 9,
    "refusal_rate": 0.6666666666666666,
    "rougeL_recall": 0.16666666666666666
  },
  "forget_mcq": {
    "probe_type": "mcq",
    "n": 9,
    "accuracy": 0.3333333333333333,
    "accuracy_distribution": 0.3333333333333333,
    "accuracy_generation": null,
    "entropy": 1.2942708333333333,
    "normalized_entropy": 0.804175683531581,
    "p_correct": 0.3076171875,
    "p_obfuscation": null
  },
  "forget_yesno": {
    "probe_type": "yes_no",
    "n": 9,
    "accuracy": 0.1111111111111111,
    "accuracy_distribution": 0.1111111111111111,
    "accuracy_generation": null,
    "yes_rate": 0.1111111111111111,
    "p_yes": 0.3080512152777778,
    "entropy": 0.5787760416666666,
    "normalized_entropy": 0.8349973250978441
  },
  "forget_yesno_false_control": {
    "probe_type": "yes_no",
    "n": 9,
    "accuracy": 0.8888888888888888,
    "accuracy_distribution": 0.8888888888888888,
    "accuracy_generation": null,
    "yes_rate": 0.1111111111111111,
    "p_yes": 0.2931857638888889,
    "entropy": 0.5750868055555556,
    "normalized_entropy": 0.8296748824556757
  },
  "hardretain_open": {
    "probe_type": "open",
    "n": 38,
    "refusal_rate": 0.18421052631578946,
    "rougeL_recall": 0.5170950894706614
  },
  "hardretain_mcq": {
    "probe_type": "mcq",
    "n": 38,
    "accuracy": 0.6842105263157895,
    "accuracy_distribution": 0.6842105263157895,
    "accuracy_generation": null,
    "entropy": 1.024671052631579,
    "normalized_entropy": 0.6366639214319708,
    "p_correct": 0.5140830592105263,
    "p_obfuscation": null
  },
  "hardretain_yesno": {
    "probe_type": "yes_no",
    "n": 38,
    "accuracy": 0.9210526315789473,
    "accuracy_distribution": 0.9210526315789473,
    "accuracy_generation": null,
    "yes_rate": 0.07894736842105263,
    "p_yes": 0.2220972964638158,
    "entropy": 0.44873046875,
    "normalized_entropy": 0.6473812219614049
  },
  "retain_open": {
    "probe_type": "open",
    "n": 493,
    "refusal_rate": 0.002028397565922921,
    "rougeL_recall": 0.8961524839820983
  },
  "retain_yesno": {
    "probe_type": "yes_no",
    "n": 99,
    "accuracy": 0.98989898989899,
    "accuracy_distribution": 0.98989898989899,
    "accuracy_generation": null,
    "yes_rate": 0.010101010101010102,
    "p_yes": 0.14375628847064395,
    "entropy": 0.36401120580808083,
    "normalized_entropy": 0.5251571614473303
  }
}