split,probe_type,accuracy,accuracy_distribution,accuracy_generation,entropy,n,normalized_entropy,p_correct,p_obfuscation,p_yes,refusal_rate,rougeL_recall,yes_rate
forget_open,open,,,,,9,,,,,0.6666666666666666,0.16666666666666666,
forget_mcq,mcq,0.3333333333333333,0.3333333333333333,,1.2942708333333333,9,0.804175683531581,0.3076171875,,,,,
forget_yesno,yes_no,0.1111111111111111,0.1111111111111111,,0.5787760416666666,9,0.8349973250978441,,,0.3080512152777778,,,0.1111111111111111
forget_yesno_false_control,yes_no,0.8888888888888888,0.8888888888888888,,0.5750868055555556,9,0.8296748824556757,,,0.2931857638888889,,,0.1111111111111111
hardretain_open,open,,,,,38,,,,,0.18421052631578946,0.5170950894706614,
hardretain_mcq,mcq,0.6842105263157895,0.6842105263157895,,1.024671052631579,38,0.6366639214319708,0.5140830592105263,,,,,
hardretain_yesno,yes_no,0.9210526315789473,0.9210526315789473,,0.44873046875,38,0.6473812219614049,,,0.2220972964638158,,,0.07894736842105263
retain_open,open,,,,,493,,,,,0.002028397565922921,0.8961524839820983,
retain_yesno,yes_no,0.98989898989899,0.98989898989899,,0.36401120580808083,99,0.5251571614473303,,,0.14375628847064395,,,0.010101010101010102
