split,probe_type,accuracy,accuracy_distribution,accuracy_generation,entropy,n,normalized_entropy,p_correct,p_obfuscation,p_yes,refusal_rate,rougeL_recall,yes_rate
forget_open,open,,,,,10,,,,,0.6,0.3083333333333333,
forget_mcq,mcq,0.3,0.3,,1.31640625,10,0.817929191197614,0.247412109375,,,,,
forget_yesno,yes_no,1.0,1.0,,0.5416015625,10,0.781365888356464,,,0.730859375,,,1.0
forget_yesno_false_control,yes_no,0.1,0.1,,0.58125,10,0.8385664925167099,,,0.672265625,,,0.9
hardretain_open,open,,,,,31,,,,,0.0967741935483871,0.6250698226504677,
hardretain_mcq,mcq,0.45161290322580644,0.45161290322580644,,1.2817540322580645,31,0.796398557754583,0.3119408392137097,,,,,
hardretain_yesno,yes_no,0.5806451612903226,0.5806451612903226,,0.5362273185483871,31,0.7736124932589448,,,0.45238470262096775,,,0.41935483870967744
retain_open,open,,,,,493,,,,,0.004056795131845842,0.9248335279775443,
retain_yesno,yes_no,0.7878787878787878,0.7878787878787878,,0.5193438289141414,99,0.749254766490718,,,0.3028330176767677,,,0.21212121212121213
