split,probe_type,accuracy,accuracy_distribution,accuracy_generation,entropy,n,normalized_entropy,p_correct,p_obfuscation,p_yes,refusal_rate,rougeL_recall,yes_rate
forget_open,open,,,,,9,,,,,0.3333333333333333,0.48148148148148145,
forget_mcq,mcq,0.5555555555555556,0.5555555555555556,,1.1447482638888888,9,0.7112720876306321,0.4446614583333333,,,,,
forget_yesno,yes_no,0.6666666666666666,0.6666666666666666,,0.6440972222222222,9,0.9292358683503568,,,0.5746527777777778,,,0.6666666666666666
forget_yesno_false_control,yes_no,0.4444444444444444,0.4444444444444444,,0.6163194444444444,9,0.8891610061034412,,,0.4525824652777778,,,0.5555555555555556
hardretain_open,open,,,,,38,,,,,0.23684210526315788,0.49968651120682006,
hardretain_mcq,mcq,0.6052631578947368,0.6052631578947368,,1.2054893092105263,38,0.7490126210506344,0.44656211451480265,,,,,
hardretain_yesno,yes_no,0.7631578947368421,0.7631578947368421,,0.5138389185855263,38,0.7413128596590867,,,0.36139237253289475,,,0.23684210526315788
retain_open,open,,,,,493,,,,,0.012170385395537525,0.8997933551686088,
retain_yesno,yes_no,0.9090909090909091,0.9090909090909091,,0.4316061000631313,99,0.6226759801785051,,,0.2155404139046717,,,0.09090909090909091
