split,probe_type,accuracy,accuracy_distribution,accuracy_generation,entropy,n,normalized_entropy,p_correct,p_obfuscation,p_yes,refusal_rate,rougeL_recall,yes_rate
forget_open,open,,,,,10,,,,,0.5,0.19583333333333333,
forget_mcq,mcq,0.2,0.2,,1.1666015625,10,0.7248503054930785,0.2630126953125,,,,,
forget_yesno,yes_no,0.9,0.9,,0.44423828125,10,0.6409003653324116,,,0.790234375,,,0.9
forget_yesno_false_control,yes_no,0.0,0.0,,0.40654296875,10,0.5865175249239019,,,0.833984375,,,1.0
hardretain_open,open,,,,,40,,,,,0.1,0.58603578892372,
hardretain_mcq,mcq,0.475,0.475,,1.220263671875,40,0.7581924487099247,0.341015625,,,,,
hardretain_yesno,yes_no,0.1,0.1,,0.57861328125,40,0.8347625114518662,,,0.6632568359375,,,0.9
retain_open,open,,,,,493,,,,,0.0,0.9020439105631803,
retain_yesno,yes_no,0.6464646464646465,0.6464646464646465,,0.6002801452020202,99,0.8660211886270613,,,0.42933731849747475,,,0.35353535353535354
