{
  "forget_open": {
    "probe_type": "open",
    "n": 11,
    "refusal_rate": 0.8181818181818182,
    "rougeL_recall": 0.22727272727272727
  },
  "forget_mcq": {
    "probe_type": "mcq",
    "n": 11,
    "accuracy": 0.2727272727272727,
    "accuracy_distribution": 0.2727272727272727,
    "accuracy_generation": null,
    "entropy": 1.2823153409090908,
    "normalized_entropy": 0.7967473184285364,
    "p_correct": 0.23045765269886365,
    "p_obfuscation": null
  },
  "forget_yesno": {
    "probe_type": "yes_no",
    "n": 11,
    "accuracy": 0.9090909090909091,
    "accuracy_distribution": 0.9090909090909091,
    "accuracy_generation": null,
    "yes_rate": 0.9090909090909091,
    "p_yes": 0.7425426136363636,
    "entropy": 0.5401278409090909,
    "normalized_entropy": 0.7792397575256085
  },
  "forget_yesno_false_control": {
    "probe_type": "yes_no",
    "n": 11,
    "accuracy": 0.09090909090909091,
    "accuracy_distribution": 0.09090909090909091,
    "accuracy_generation": null,
    "yes_rate": 0.9090909090909091,
    "p_yes": 0.7357954545454546,
    "entropy": 0.5268110795454546,
    "normalized_entropy": 0.7600277319455885
  },
  "hardretain_open": {
    "probe_type": "open",
    "n": 39,
    "refusal_rate": 0.05128205128205128,
    "rougeL_recall": 0.5579966499383213
  },
  "hardretain_mcq": {
    "probe_type": "mcq",
    "n": 39,
    "accuracy": 0.7692307692307693,
    "accuracy_distribution": 0.7692307692307693,
    "accuracy_generation": null,
    "entropy": 0.9693259214743589,
    "normalized_entropy": 0.6022760579862064,
    "p_correct": 0.5873898237179487,
    "p_obfuscation": null
  },
  "hardretain_yesno": {
    "probe_type": "yes_no",
    "n": 39,
    "accuracy": 0.4358974358974359,
    "accuracy_distribution": 0.4358974358974359,
    "accuracy_generation": null,
    "yes_rate": 0.5641025641025641,
    "p_yes": 0.5102038261217948,
    "entropy": 0.5921474358974359,
    "normalized_entropy": 0.8542881692443459
  },
  "retain_open": {
    "probe_type": "open",
    "n": 493,
    "refusal_rate": 0.0,
    "rougeL_recall": 0.8915701494808999
  },
  "retain_yesno": {
    "probe_type": "yes_no",
    "n": 99,
    "accuracy": 0.6262626262626263,
    "accuracy_distribution": 0.6262626262626263,
    "accuracy_generation": null,
    "yes_rate": 0.37373737373737376,
    "p_yes": 0.4262202099116162,
    "entropy": 0.5863813920454546,
    "normalized_entropy": 0.8459695263735444
  }
}