split,probe_type,accuracy,accuracy_distribution,accuracy_generation,entropy,n,normalized_entropy,p_correct,p_obfuscation,p_yes,refusal_rate,rougeL_recall,yes_rate
forget_open,open,,,,,11,,,,,0.8181818181818182,0.22727272727272727,
forget_mcq,mcq,0.2727272727272727,0.2727272727272727,,1.2823153409090908,11,0.7967473184285364,0.23045765269886365,,,,,
forget_yesno,yes_no,0.9090909090909091,0.9090909090909091,,0.5401278409090909,11,0.7792397575256085,,,0.7425426136363636,,,0.9090909090909091
forget_yesno_false_control,yes_no,0.09090909090909091,0.09090909090909091,,0.5268110795454546,11,0.7600277319455885,,,0.7357954545454546,,,0.9090909090909091
hardretain_open,open,,,,,39,,,,,0.05128205128205128,0.5579966499383213,
hardretain_mcq,mcq,0.7692307692307693,0.7692307692307693,,0.9693259214743589,39,0.6022760579862064,0.5873898237179487,,,,,
hardretain_yesno,yes_no,0.4358974358974359,0.4358974358974359,,0.5921474358974359,39,0.8542881692443459,,,0.5102038261217948,,,0.5641025641025641
retain_open,open,,,,,493,,,,,0.0,0.8915701494808999,
retain_yesno,yes_no,0.6262626262626263,0.6262626262626263,,0.5863813920454546,99,0.8459695263735444,,,0.4262202099116162,,,0.37373737373737376
