split,probe_type,accuracy,accuracy_distribution,accuracy_generation,entropy,n,normalized_entropy,p_correct,p_obfuscation,p_yes,refusal_rate,rougeL_recall,yes_rate
forget_open,open,,,,,10,,,,,0.4,0.20833333333333334,
forget_mcq,mcq,0.4,0.4,,1.1521484375,10,0.7158700740170214,0.3357177734375,,,,,
forget_yesno,yes_no,0.8,0.8,,0.54453125,10,0.7855925339840681,,,0.711328125,,,0.8
forget_yesno_false_control,yes_no,0.1,0.1,,0.546484375,10,0.7884102977358046,,,0.716015625,,,0.9
hardretain_open,open,,,,,40,,,,,0.125,0.6020045280390107,
hardretain_mcq,mcq,0.65,0.65,,1.0473876953125,40,0.6507785651255349,0.4868896484375,,,,,
hardretain_yesno,yes_no,0.225,0.225,,0.6138671875,40,0.8856231471707054,,,0.596875,,,0.775
retain_open,open,,,,,493,,,,,0.0,0.9012630653097182,
retain_yesno,yes_no,0.7777777777777778,0.7777777777777778,,0.5527245107323232,99,0.7974129106113013,,,0.3333136047979798,,,0.2222222222222222
