{
  "forget_open": {
    "probe_type": "open",
    "n": 10,
    "refusal_rate": 0.8,
    "rougeL_recall": 0.24
  },
  "forget_mcq": {
    "probe_type": "mcq",
    "n": 10,
    "accuracy": 0.2,
    "accuracy_distribution": 0.2,
    "accuracy_generation": null,
    "entropy": 1.198828125,
    "normalized_entropy": 0.7448737945950972,
    "p_correct": 0.27421875,
    "p_obfuscation": null
  },
  "forget_yesno": {
    "probe_type": "yes_no",
    "n": 10,
    "accuracy": 0.7,
    "accuracy_distribution": 0.7,
    "accuracy_generation": null,
    "yes_rate": 0.7,
    "p_yes": 0.6068359375,
    "entropy": 0.6064453125,
    "normalized_entropy": 0.8749156449141078
  },
  "forget_yesno_false_control": {
    "probe_type": "yes_no",
    "n": 10,
    "accuracy": 0.6,
    "accuracy_distribution": 0.6,
    "accuracy_generation": null,
    "yes_rate": 0.4,
    "p_yes": 0.462109375,
    "entropy": 0.6326171875,
    "normalized_entropy": 0.9126736791873735
  },
  "hardretain_open": {
    "probe_type": "open",
    "n": 31,
    "refusal_rate": 0.16129032258064516,
    "rougeL_recall": 0.600338639854769
  },
  "hardretain_mcq": {
    "probe_type": "mcq",
    "n": 31,
    "accuracy": 0.5483870967741935,
    "accuracy_distribution": 0.5483870967741935,
    "accuracy_generation": null,
    "entropy": 1.2741305443548387,
    "normalized_entropy": 0.7916618183971164,
    "p_correct": 0.40569871471774194,
    "p_obfuscation": null
  },
  "hardretain_yesno": {
    "probe_type": "yes_no",
    "n": 31,
    "accuracy": 0.6451612903225806,
    "accuracy_distribution": 0.6451612903225806,
    "accuracy_generation": null,
    "yes_rate": 0.3548387096774194,
    "p_yes": 0.3720919701360887,
    "entropy": 0.4286006804435484,
    "normalized_entropy": 0.6183400761975427
  },
  "retain_open": {
    "probe_type": "open",
    "n": 493,
    "refusal_rate": 0.012170385395537525,
    "rougeL_recall": 0.8997933551686088
  },
  "retain_yesno": {
    "probe_type": "yes_no",
    "n": 99,
    "accuracy": 0.9090909090909091,
    "accuracy_distribution": 0.9090909090909091,
    "accuracy_generation": null,
    "yes_rate": 0.09090909090909091,
    "p_yes": 0.2155404139046717,
    "entropy": 0.4316061000631313,
    "normalized_entropy": 0.6226759801785051
  }
}