{
  "forget_open": {
    "probe_type": "open",
    "n": 10,
    "refusal_rate": 0.8,
    "rougeL_recall": 0.13333333333333333
  },
  "forget_mcq": {
    "probe_type": "mcq",
    "n": 10,
    "accuracy": 0.5,
    "accuracy_distribution": 0.5,
    "accuracy_generation": null,
    "entropy": 1.1828125,
    "normalized_entropy": 0.7349227272837908,
    "p_correct": 0.308837890625,
    "p_obfuscation": null
  },
  "forget_yesno": {
    "probe_type": "yes_no",
    "n": 10,
    "accuracy": 0.0,
    "accuracy_distribution": 0.0,
    "accuracy_generation": null,
    "yes_rate": 0.0,
    "p_yes": 0.3248046875,
    "entropy": 0.6126953125,
    "normalized_entropy": 0.8839324889196638
  },
  "forget_yesno_false_control": {
    "probe_type": "yes_no",
    "n": 10,
    "accuracy": 1.0,
    "accuracy_distribution": 1.0,
    "accuracy_generation": null,
    "yes_rate": 0.0,
    "p_yes": 0.33193359375,
    "entropy": 0.616015625,
    "normalized_entropy": 0.8887226872976154
  },
  "hardretain_open": {
    "probe_type": "open",
    "n": 35,
    "refusal_rate": 0.08571428571428572,
    "rougeL_recall": 0.6496057910343626
  },
  "hardretain_mcq": {
    "probe_type": "mcq",
    "n": 34,
    "accuracy": 0.7352941176470589,
    "accuracy_distribution": 0.7352941176470589,
    "accuracy_generation": null,
    "entropy": 0.9055032169117647,
    "normalized_entropy": 0.5626207820233894,
    "p_correct": 0.5571971220128676,
    "p_obfuscation": null
  },
  "hardretain_yesno": {
    "probe_type": "yes_no",
    "n": 35,
    "accuracy": 0.9714285714285714,
    "accuracy_distribution": 0.9714285714285714,
    "accuracy_generation": null,
    "yes_rate": 0.02857142857142857,
    "p_yes": 0.145849609375,
    "entropy": 0.3566685267857143,
    "normalized_entropy": 0.5145639148349224
  },
  "retain_open": {
    "probe_type": "open",
    "n": 493,
    "refusal_rate": 0.004056795131845842,
    "rougeL_recall": 0.9003245289756444
  },
  "retain_yesno": {
    "probe_type": "yes_no",
    "n": 99,
    "accuracy": 0.9595959595959596,
    "accuracy_distribution": 0.9595959595959596,
    "accuracy_generation": null,
    "yes_rate": 0.04040404040404041,
    "p_yes": 0.13691788490372475,
    "entropy": 0.33939985795454547,
    "normalized_entropy": 0.4896504919494413
  }
}