split,probe_type,accuracy,accuracy_distribution,accuracy_generation,entropy,n,normalized_entropy,p_correct,p_obfuscation,p_yes,refusal_rate,rougeL_recall,yes_rate
forget_open,open,,,,,10,,,,,0.8,0.13333333333333333,
forget_mcq,mcq,0.5,0.5,,1.1828125,10,0.7349227272837908,0.308837890625,,,,,
forget_yesno,yes_no,0.0,0.0,,0.6126953125,10,0.8839324889196638,,,0.3248046875,,,0.0
forget_yesno_false_control,yes_no,1.0,1.0,,0.616015625,10,0.8887226872976154,,,0.33193359375,,,0.0
hardretain_open,open,,,,,35,,,,,0.08571428571428572,0.6496057910343626,
hardretain_mcq,mcq,0.7352941176470589,0.7352941176470589,,0.9055032169117647,34,0.5626207820233894,0.5571971220128676,,,,,
hardretain_yesno,yes_no,0.9714285714285714,0.9714285714285714,,0.3566685267857143,35,0.5145639148349224,,,0.145849609375,,,0.02857142857142857
retain_open,open,,,,,493,,,,,0.004056795131845842,0.9003245289756444,
retain_yesno,yes_no,0.9595959595959596,0.9595959595959596,,0.33939985795454547,99,0.4896504919494413,,,0.13691788490372475,,,0.04040404040404041
