{
  "forget_open": {
    "probe_type": "open",
    "n": 10,
    "refusal_rate": 0.3,
    "rougeL_recall": 0.30833333333333335
  },
  "forget_mcq": {
    "probe_type": "mcq",
    "n": 10,
    "accuracy": 0.5,
    "accuracy_distribution": 0.5,
    "accuracy_generation": null,
    "entropy": 1.197265625,
    "normalized_entropy": 0.7439029587598478,
    "p_correct": 0.31693115234375,
    "p_obfuscation": null
  },
  "forget_yesno": {
    "probe_type": "yes_no",
    "n": 10,
    "accuracy": 0.2,
    "accuracy_distribution": 0.2,
    "accuracy_generation": null,
    "yes_rate": 0.2,
    "p_yes": 0.43564453125,
    "entropy": 0.5666015625,
    "normalized_entropy": 0.8174332643786879
  },
  "forget_yesno_false_control": {
    "probe_type": "yes_no",
    "n": 10,
    "accuracy": 0.8,
    "accuracy_distribution": 0.8,
    "accuracy_generation": null,
    "yes_rate": 0.2,
    "p_yes": 0.43486328125,
    "entropy": 0.580078125,
    "normalized_entropy": 0.8368758342656684
  },
  "hardretain_open": {
    "probe_type": "open",
    "n": 40,
    "refusal_rate": 0.025,
    "rougeL_recall": 0.5413640717520027
  },
  "hardretain_mcq": {
    "probe_type": "mcq",
    "n": 40,
    "accuracy": 0.425,
    "accuracy_distribution": 0.425,
    "accuracy_generation": null,
    "entropy": 1.126953125,
    "normalized_entropy": 0.700215346173625,
    "p_correct": 0.3625152587890625,
    "p_obfuscation": null
  },
  "hardretain_yesno": {
    "probe_type": "yes_no",
    "n": 40,
    "accuracy": 0.775,
    "accuracy_distribution": 0.775,
    "accuracy_generation": null,
    "yes_rate": 0.225,
    "p_yes": 0.35836181640625,
    "entropy": 0.5730224609375,
    "normalized_entropy": 0.8266966627125212
  },
  "retain_open": {
    "probe_type": "open",
    "n": 493,
    "refusal_rate": 0.0,
    "rougeL_recall": 0.9039031286495792
  },
  "retain_yesno": {
    "probe_type": "yes_no",
    "n": 99,
    "accuracy": 0.9090909090909091,
    "accuracy_distribution": 0.9090909090909091,
    "accuracy_generation": null,
    "yes_rate": 0.09090909090909091,
    "p_yes": 0.2518495501893939,
    "entropy": 0.48418757891414144,
    "normalized_entropy": 0.6985350189594652
  }
}