split,probe_type,accuracy,accuracy_distribution,accuracy_generation,entropy,n,normalized_entropy,p_correct,p_obfuscation,p_yes,refusal_rate,rougeL_recall,yes_rate
forget_open,open,,,,,10,,,,,0.3,0.30833333333333335,
forget_mcq,mcq,0.5,0.5,,1.197265625,10,0.7439029587598478,0.31693115234375,,,,,
forget_yesno,yes_no,0.2,0.2,,0.5666015625,10,0.8174332643786879,,,0.43564453125,,,0.2
forget_yesno_false_control,yes_no,0.8,0.8,,0.580078125,10,0.8368758342656684,,,0.43486328125,,,0.2
hardretain_open,open,,,,,40,,,,,0.025,0.5413640717520027,
hardretain_mcq,mcq,0.425,0.425,,1.126953125,40,0.700215346173625,0.3625152587890625,,,,,
hardretain_yesno,yes_no,0.775,0.775,,0.5730224609375,40,0.8266966627125212,,,0.35836181640625,,,0.225
retain_open,open,,,,,493,,,,,0.0,0.9039031286495792,
retain_yesno,yes_no,0.9090909090909091,0.9090909090909091,,0.48418757891414144,99,0.6985350189594652,,,0.2518495501893939,,,0.09090909090909091
