split,probe_type,accuracy,accuracy_distribution,accuracy_generation,entropy,n,normalized_entropy,p_correct,p_obfuscation,p_yes,refusal_rate,rougeL_recall,yes_rate
forget_open,open,,,,,11,,,,,0.45454545454545453,0.4090909090909091,
forget_mcq,mcq,0.36363636363636365,0.36363636363636365,,1.2528409090909092,11,0.7784338242636046,0.2355069247159091,,,,,
forget_yesno,yes_no,0.9090909090909091,0.9090909090909091,,0.46821732954545453,11,0.6754948193935009,,,0.7869318181818182,,,0.9090909090909091
forget_yesno_false_control,yes_no,0.09090909090909091,0.09090909090909091,,0.4678622159090909,11,0.674982498711367,,,0.7794744318181818,,,0.9090909090909091
hardretain_open,open,,,,,39,,,,,0.05128205128205128,0.5918325580389353,
hardretain_mcq,mcq,0.7435897435897436,0.7435897435897436,,0.9473908253205128,39,0.5886470164528974,0.5805726662660257,,,,,
hardretain_yesno,yes_no,0.5128205128205128,0.5128205128205128,,0.599609375,39,0.8650534717830308,,,0.48162059294871795,,,0.48717948717948717
retain_open,open,,,,,493,,,,,0.0,0.9001192744600451,
retain_yesno,yes_no,0.7474747474747475,0.7474747474747475,,0.5844578598484849,99,0.8431944560119858,,,0.3807508680555556,,,0.25252525252525254
