{
  "forget_open": {
    "probe_type": "open",
    "n": 11,
    "refusal_rate": 0.45454545454545453,
    "rougeL_recall": 0.4090909090909091
  },
  "forget_mcq": {
    "probe_type": "mcq",
    "n": 11,
    "accuracy": 0.36363636363636365,
    "accuracy_distribution": 0.36363636363636365,
    "accuracy_generation": null,
    "entropy": 1.2528409090909092,
    "normalized_entropy": 0.7784338242636046,
    "p_correct": 0.2355069247159091,
    "p_obfuscation": null
  },
  "forget_yesno": {
    "probe_type": "yes_no",
    "n": 11,
    "accuracy": 0.9090909090909091,
    "accuracy_distribution": 0.9090909090909091,
    "accuracy_generation": null,
    "yes_rate": 0.9090909090909091,
    "p_yes": 0.7869318181818182,
    "entropy": 0.46821732954545453,
    "normalized_entropy": 0.6754948193935009
  },
  "forget_yesno_false_control": {
    "probe_type": "yes_no",
    "n": 11,
    "accuracy": 0.09090909090909091,
    "accuracy_distribution": 0.09090909090909091,
    "accuracy_generation": null,
    "yes_rate": 0.9090909090909091,
    "p_yes": 0.7794744318181818,
    "entropy": 0.4678622159090909,
    "normalized_entropy": 0.674982498711367
  },
  "hardretain_open": {
    "probe_type": "open",
    "n": 39,
    "refusal_rate": 0.05128205128205128,
    "rougeL_recall": 0.5918325580389353
  },
  "hardretain_mcq": {
    "probe_type": "mcq",
    "n": 39,
    "accuracy": 0.7435897435897436,
    "accuracy_distribution": 0.7435897435897436,
    "accuracy_generation": null,
    "entropy": 0.9473908253205128,
    "normalized_entropy": 0.5886470164528974,
    "p_correct": 0.5805726662660257,
    "p_obfuscation": null
  },
  "hardretain_yesno": {
    "probe_type": "yes_no",
    "n": 39,
    "accuracy": 0.5128205128205128,
    "accuracy_distribution": 0.5128205128205128,
    "accuracy_generation": null,
    "yes_rate": 0.48717948717948717,
    "p_yes": 0.48162059294871795,
    "entropy": 0.599609375,
    "normalized_entropy": 0.8650534717830308
  },
  "retain_open": {
    "probe_type": "open",
    "n": 493,
    "refusal_rate": 0.0,
    "rougeL_recall": 0.9001192744600451
  },
  "retain_yesno": {
    "probe_type": "yes_no",
    "n": 99,
    "accuracy": 0.7474747474747475,
    "accuracy_distribution": 0.7474747474747475,
    "accuracy_generation": null,
    "yes_rate": 0.25252525252525254,
    "p_yes": 0.3807508680555556,
    "entropy": 0.5844578598484849,
    "normalized_entropy": 0.8431944560119858
  }
}