split,probe_type,accuracy,accuracy_distribution,accuracy_generation,entropy,n,normalized_entropy,p_correct,p_obfuscation,p_yes,refusal_rate,rougeL_recall,yes_rate
forget_open,open,,,,,10,,,,,0.8,0.24,
forget_mcq,mcq,0.2,0.2,,1.198828125,10,0.7448737945950972,0.27421875,,,,,
forget_yesno,yes_no,0.7,0.7,,0.6064453125,10,0.8749156449141078,,,0.6068359375,,,0.7
forget_yesno_false_control,yes_no,0.6,0.6,,0.6326171875,10,0.9126736791873735,,,0.462109375,,,0.4
hardretain_open,open,,,,,31,,,,,0.16129032258064516,0.600338639854769,
hardretain_mcq,mcq,0.5483870967741935,0.5483870967741935,,1.2741305443548387,31,0.7916618183971164,0.40569871471774194,,,,,
hardretain_yesno,yes_no,0.6451612903225806,0.6451612903225806,,0.4286006804435484,31,0.6183400761975427,,,0.3720919701360887,,,0.3548387096774194
retain_open,open,,,,,493,,,,,0.012170385395537525,0.8997933551686088,
retain_yesno,yes_no,0.9090909090909091,0.9090909090909091,,0.4316061000631313,99,0.6226759801785051,,,0.2155404139046717,,,0.09090909090909091
