split,probe_type,accuracy,accuracy_distribution,accuracy_generation,entropy,n,normalized_entropy,p_correct,p_obfuscation,p_yes,refusal_rate,rougeL_recall,yes_rate
forget_open,open,,,,,10,,,,,0.7,0.185,
forget_mcq,mcq,0.4,0.4,,1.319140625,10,0.8196281539093004,0.316650390625,,,,,
forget_yesno,yes_no,0.3,0.3,,0.651953125,10,0.9405695403295626,,,0.45859375,,,0.3
forget_yesno_false_control,yes_no,0.7,0.7,,0.617578125,10,0.8909768982990043,,,0.395751953125,,,0.3
hardretain_open,open,,,,,31,,,,,0.03225806451612903,0.5570974724200531,
hardretain_mcq,mcq,0.5806451612903226,0.5806451612903226,,1.125,31,0.6990018013795632,0.4561098160282258,,,,,
hardretain_yesno,yes_no,0.8064516129032258,0.8064516129032258,,0.48220136088709675,31,0.6956695120617239,,,0.29182680191532256,,,0.1935483870967742
retain_open,open,,,,,493,,,,,0.0,0.905805958747135,
retain_yesno,yes_no,0.98989898989899,0.98989898989899,,0.3562233664772727,99,0.5139216842655333,,,0.14070761324179293,,,0.010101010101010102
