{
  "forget_open": {
    "probe_type": "open",
    "n": 10,
    "refusal_rate": 0.7,
    "rougeL_recall": 0.185
  },
  "forget_mcq": {
    "probe_type": "mcq",
    "n": 10,
    "accuracy": 0.4,
    "accuracy_distribution": 0.4,
    "accuracy_generation": null,
    "entropy": 1.319140625,
    "normalized_entropy": 0.8196281539093004,
    "p_correct": 0.316650390625,
    "p_obfuscation": null
  },
  "forget_yesno": {
    "probe_type": "yes_no",
    "n": 10,
    "accuracy": 0.3,
    "accuracy_distribution": 0.3,
    "accuracy_generation": null,
    "yes_rate": 0.3,
    "p_yes": 0.45859375,
    "entropy": 0.651953125,
    "normalized_entropy": 0.9405695403295626
  },
  "forget_yesno_false_control": {
    "probe_type": "yes_no",
    "n": 10,
    "accuracy": 0.7,
    "accuracy_distribution": 0.7,
    "accuracy_generation": null,
    "yes_rate": 0.3,
    "p_yes": 0.395751953125,
    "entropy": 0.617578125,
    "normalized_entropy": 0.8909768982990043
  },
  "hardretain_open": {
    "probe_type": "open",
    "n": 31,
    "refusal_rate": 0.03225806451612903,
    "rougeL_recall": 0.5570974724200531
  },
  "hardretain_mcq": {
    "probe_type": "mcq",
    "n": 31,
    "accuracy": 0.5806451612903226,
    "accuracy_distribution": 0.5806451612903226,
    "accuracy_generation": null,
    "entropy": 1.125,
    "normalized_entropy": 0.6990018013795632,
    "p_correct": 0.4561098160282258,
    "p_obfuscation": null
  },
  "hardretain_yesno": {
    "probe_type": "yes_no",
    "n": 31,
    "accuracy": 0.8064516129032258,
    "accuracy_distribution": 0.8064516129032258,
    "accuracy_generation": null,
    "yes_rate": 0.1935483870967742,
    "p_yes": 0.29182680191532256,
    "entropy": 0.48220136088709675,
    "normalized_entropy": 0.6956695120617239
  },
  "retain_open": {
    "probe_type": "open",
    "n": 493,
    "refusal_rate": 0.0,
    "rougeL_recall": 0.905805958747135
  },
  "retain_yesno": {
    "probe_type": "yes_no",
    "n": 99,
    "accuracy": 0.98989898989899,
    "accuracy_distribution": 0.98989898989899,
    "accuracy_generation": null,
    "yes_rate": 0.010101010101010102,
    "p_yes": 0.14070761324179293,
    "entropy": 0.3562233664772727,
    "normalized_entropy": 0.5139216842655333
  }
}