{
  "forget_open": {
    "probe_type": "open",
    "n": 10,
    "refusal_rate": 0.3,
    "rougeL_recall": 0.5583333333333333
  },
  "forget_mcq": {
    "probe_type": "mcq",
    "n": 10,
    "accuracy": 0.4,
    "accuracy_distribution": 0.4,
    "accuracy_generation": 0.8,
    "entropy": 7.176259586572087e-13,
    "normalized_entropy": 0.6923273050122238,
    "p_correct": 9.620082508376981e-14,
    "p_obfuscation": null
  },
  "forget_yesno": {
    "probe_type": "yes_no",
    "n": 10,
    "accuracy": 0.5,
    "accuracy_distribution": 0.5,
    "accuracy_generation": null,
    "yes_rate": 0.5,
    "p_yes": 0.579296875,
    "entropy": 0.6119140625,
    "normalized_entropy": 0.8828053834189692
  },
  "forget_yesno_false_control": {
    "probe_type": "yes_no",
    "n": 10,
    "accuracy": 0.8,
    "accuracy_distribution": 0.8,
    "accuracy_generation": null,
    "yes_rate": 0.2,
    "p_yes": 0.33046875,
    "entropy": 0.534765625,
    "normalized_entropy": 0.7715037152253871
  },
  "hardretain_open": {
    "probe_type": "open",
    "n": 40,
    "refusal_rate": 0.2,
    "rougeL_recall": 0.627156043190526
  },
  "hardretain_mcq": {
    "probe_type": "mcq",
    "n": 40,
    "accuracy": 0.4,
    "accuracy_distribution": 0.4,
    "accuracy_generation": 0.775,
    "entropy": 4.978017997814277e-13,
    "normalized_entropy": 0.7986641675918839,
    "p_correct": 3.910524248168512e-14,
    "p_obfuscation": null
  },
  "hardretain_yesno": {
    "probe_type": "yes_no",
    "n": 40,
    "accuracy": 0.675,
    "accuracy_distribution": 0.675,
    "accuracy_generation": null,
    "yes_rate": 0.325,
    "p_yes": 0.3971832275390625,
    "entropy": 0.52059326171875,
    "normalized_entropy": 0.751057317001851
  },
  "retain_open": {
    "probe_type": "open",
    "n": 493,
    "refusal_rate": 0.012170385395537525,
    "rougeL_recall": 0.8997933551686088
  },
  "retain_yesno": {
    "probe_type": "yes_no",
    "n": 99,
    "accuracy": 0.9090909090909091,
    "accuracy_distribution": 0.9090909090909091,
    "accuracy_generation": null,
    "yes_rate": 0.09090909090909091,
    "p_yes": 0.2155404139046717,
    "entropy": 0.4316061000631313,
    "normalized_entropy": 0.6226759801785051
  }
}