split,probe_type,accuracy,accuracy_distribution,accuracy_generation,entropy,n,normalized_entropy,p_correct,p_obfuscation,p_yes,refusal_rate,rougeL_recall,yes_rate
forget_open,open,,,,,10,,,,,0.3,0.5583333333333333,
forget_mcq,mcq,0.8,0.8,0.8,2.462696713223522e-13,10,1.9586041614731624e-11,2.9207192220326304e-14,,,,,
forget_yesno,yes_no,0.5,0.5,,0.6119140625,10,0.8828053834189692,,,0.579296875,,,0.5
forget_yesno_false_control,yes_no,0.8,0.8,,0.534765625,10,0.7715037152253871,,,0.33046875,,,0.2
hardretain_open,open,,,,,40,,,,,0.2,0.627156043190526,
hardretain_mcq,mcq,0.775,0.775,0.775,2.833372425570246e-13,40,2.2534057863996126e-11,2.167603119565542e-14,,,,,
hardretain_yesno,yes_no,0.675,0.675,,0.52059326171875,40,0.751057317001851,,,0.3971832275390625,,,0.325
retain_open,open,,,,,493,,,,,0.012170385395537525,0.8997933551686088,
retain_yesno,yes_no,0.9090909090909091,0.9090909090909091,,0.4316061000631313,99,0.6226759801785051,,,0.2155404139046717,,,0.09090909090909091
