{
  "forget_open": {
    "probe_type": "open",
    "n": 11,
    "refusal_rate": 0.8181818181818182,
    "rougeL_recall": 0.2121212121212121
  },
  "forget_mcq": {
    "probe_type": "mcq",
    "n": 11,
    "accuracy": 0.09090909090909091,
    "accuracy_distribution": 0.09090909090909091,
    "accuracy_generation": null,
    "entropy": 1.3813920454545454,
    "normalized_entropy": 0.8583071361636686,
    "p_correct": 0.15346457741477273,
    "p_obfuscation": null
  },
  "forget_yesno": {
    "probe_type": "yes_no",
    "n": 11,
    "accuracy": 0.45454545454545453,
    "accuracy_distribution": 0.45454545454545453,
    "accuracy_generation": null,
    "yes_rate": 0.45454545454545453,
    "p_yes": 0.45854048295454547,
    "entropy": 0.6498579545454546,
    "normalized_entropy": 0.9375468483049727
  },
  "forget_yesno_false_control": {
    "probe_type": "yes_no",
    "n": 11,
    "accuracy": 0.45454545454545453,
    "accuracy_distribution": 0.45454545454545453,
    "accuracy_generation": null,
    "yes_rate": 0.5454545454545454,
    "p_yes": 0.48393110795454547,
    "entropy": 0.6551846590909091,
    "normalized_entropy": 0.9452316585369807
  },
  "hardretain_open": {
    "probe_type": "open",
    "n": 39,
    "refusal_rate": 0.02564102564102564,
    "rougeL_recall": 0.561643064254235
  },
  "hardretain_mcq": {
    "probe_type": "mcq",
    "n": 39,
    "accuracy": 0.41025641025641024,
    "accuracy_distribution": 0.41025641025641024,
    "accuracy_generation": null,
    "entropy": 1.3188100961538463,
    "normalized_entropy": 0.8194227847903053,
    "p_correct": 0.32333608774038464,
    "p_obfuscation": null
  },
  "hardretain_yesno": {
    "probe_type": "yes_no",
    "n": 39,
    "accuracy": 0.5641025641025641,
    "accuracy_distribution": 0.5641025641025641,
    "accuracy_generation": null,
    "yes_rate": 0.4358974358974359,
    "p_yes": 0.44025440705128205,
    "entropy": 0.6330629006410257,
    "normalized_entropy": 0.9133167073255899
  },
  "retain_open": {
    "probe_type": "open",
    "n": 493,
    "refusal_rate": 0.0,
    "rougeL_recall": 0.9049929167069126
  },
  "retain_yesno": {
    "probe_type": "yes_no",
    "n": 99,
    "accuracy": 0.6868686868686869,
    "accuracy_distribution": 0.6868686868686869,
    "accuracy_generation": null,
    "yes_rate": 0.31313131313131315,
    "p_yes": 0.3953450520833333,
    "entropy": 0.6133996212121212,
    "normalized_entropy": 0.8849485916058959
  }
}