split,probe_type,accuracy,accuracy_distribution,accuracy_generation,entropy,n,normalized_entropy,p_correct,p_obfuscation,p_yes,refusal_rate,rougeL_recall,yes_rate
forget_open,open,,,,,11,,,,,0.8181818181818182,0.2121212121212121,
forget_mcq,mcq,0.09090909090909091,0.09090909090909091,,1.3813920454545454,11,0.8583071361636686,0.15346457741477273,,,,,
forget_yesno,yes_no,0.45454545454545453,0.45454545454545453,,0.6498579545454546,11,0.9375468483049727,,,0.45854048295454547,,,0.45454545454545453
forget_yesno_false_control,yes_no,0.45454545454545453,0.45454545454545453,,0.6551846590909091,11,0.9452316585369807,,,0.48393110795454547,,,0.5454545454545454
hardretain_open,open,,,,,39,,,,,0.02564102564102564,0.561643064254235,
hardretain_mcq,mcq,0.41025641025641024,0.41025641025641024,,1.3188100961538463,39,0.8194227847903053,0.32333608774038464,,,,,
hardretain_yesno,yes_no,0.5641025641025641,0.5641025641025641,,0.6330629006410257,39,0.9133167073255899,,,0.44025440705128205,,,0.4358974358974359
retain_open,open,,,,,493,,,,,0.0,0.9049929167069126,
retain_yesno,yes_no,0.6868686868686869,0.6868686868686869,,0.6133996212121212,99,0.8849485916058959,,,0.3953450520833333,,,0.31313131313131315
