split,probe_type,accuracy,accuracy_distribution,accuracy_generation,entropy,n,normalized_entropy,p_correct,p_obfuscation,p_yes,refusal_rate,rougeL_recall,yes_rate
forget_open,open,,,,,10,,,,,0.4,0.175,
forget_mcq,mcq,0.3,0.3,,1.241796875,10,0.7715717800644555,0.29365234375,,,,,
forget_yesno,yes_no,0.3,0.3,,0.51171875,10,0.7382541029548992,,,0.324609375,,,0.3
forget_yesno_false_control,yes_no,0.8,0.8,,0.492578125,10,0.710640018187884,,,0.292822265625,,,0.2
hardretain_open,open,,,,,40,,,,,0.025,0.5497605363984673,
hardretain_mcq,mcq,0.5,0.5,,1.128515625,40,0.7011861820088744,0.4260772705078125,,,,,
hardretain_yesno,yes_no,0.925,0.925,,0.4871826171875,40,0.7028559458237125,,,0.258599853515625,,,0.075
retain_open,open,,,,,493,,,,,0.004056795131845842,0.9003365295961645,
retain_yesno,yes_no,0.9494949494949495,0.9494949494949495,,0.3886768071338384,99,0.5607421021605445,,,0.17213023792613635,,,0.050505050505050504
