{
  "forget_open": {
    "probe_type": "open",
    "n": 10,
    "refusal_rate": 0.7,
    "rougeL_recall": 0.33333333333333337
  },
  "forget_mcq": {
    "probe_type": "mcq",
    "n": 10,
    "accuracy": 0.7,
    "accuracy_generation": 0.7,
    "accuracy_distribution": 0.5,
    "parse_rate": 1.0,
    "letter_extraction_rate": 1.0,
    "entropy": 1.312109375,
    "normalized_entropy": 0.8152593926506781,
    "p_correct": 0.3078857421875,
    "p_obfuscation": null
  },
  "forget_yesno": {
    "probe_type": "yes_no",
    "n": 10,
    "accuracy": 0.2,
    "accuracy_distribution": 0.2,
    "accuracy_generation": null,
    "yes_rate": 0.2,
    "p_yes": 0.33017578125,
    "entropy": 0.5583984375,
    "normalized_entropy": 0.8055986566213958
  },
  "forget_yesno_false_control": {
    "probe_type": "yes_no",
    "n": 10,
    "accuracy": 0.9,
    "accuracy_distribution": 0.9,
    "accuracy_generation": null,
    "yes_rate": 0.1,
    "p_yes": 0.25947265625,
    "entropy": 0.5037109375,
    "normalized_entropy": 0.7267012715727806
  },
  "hardretain_open": {
    "probe_type": "open",
    "n": 35,
    "refusal_rate": 0.14285714285714285,
    "rougeL_recall": 0.6353183324611895
  },
  "hardretain_mcq": {
    "probe_type": "mcq",
    "n": 34,
    "accuracy": 0.8823529411764706,
    "accuracy_generation": 0.8823529411764706,
    "accuracy_distribution": 0.6470588235294118,
    "parse_rate": 1.0,
    "letter_extraction_rate": 1.0,
    "entropy": 1.1066463694852942,
    "normalized_entropy": 0.6875980495647773,
    "p_correct": 0.48786477481617646,
    "p_obfuscation": null
  },
  "hardretain_yesno": {
    "probe_type": "yes_no",
    "n": 35,
    "accuracy": 0.7714285714285715,
    "accuracy_distribution": 0.7714285714285715,
    "accuracy_generation": null,
    "yes_rate": 0.22857142857142856,
    "p_yes": 0.2755972726004464,
    "entropy": 0.44302455357142856,
    "normalized_entropy": 0.6391493264295469
  },
  "retain_open": {
    "probe_type": "open",
    "n": 98,
    "refusal_rate": 0.01020408163265306,
    "rougeL_recall": 0.9174500103071532
  },
  "retain_yesno": {
    "probe_type": "yes_no",
    "n": 99,
    "accuracy": 0.9090909090909091,
    "accuracy_distribution": 0.9090909090909091,
    "accuracy_generation": null,
    "yes_rate": 0.09090909090909091,
    "p_yes": 0.2155404139046717,
    "entropy": 0.4316061000631313,
    "normalized_entropy": 0.6226759801785051
  }
}