{
  "forget_open": {
    "probe_type": "open",
    "n": 10,
    "refusal_rate": 0.6,
    "rougeL_recall": 0.08333333333333333
  },
  "forget_mcq": {
    "probe_type": "mcq",
    "n": 10,
    "accuracy": 0.4,
    "accuracy_distribution": 0.4,
    "accuracy_generation": null,
    "entropy": 1.346875,
    "normalized_entropy": 0.8368604899849773,
    "p_correct": 0.26859130859375,
    "p_obfuscation": null
  },
  "forget_yesno": {
    "probe_type": "yes_no",
    "n": 10,
    "accuracy": 0.6,
    "accuracy_distribution": 0.6,
    "accuracy_generation": null,
    "yes_rate": 0.6,
    "p_yes": 0.5095703125,
    "entropy": 0.630078125,
    "normalized_entropy": 0.9090105863101166
  },
  "forget_yesno_false_control": {
    "probe_type": "yes_no",
    "n": 10,
    "accuracy": 0.3,
    "accuracy_distribution": 0.3,
    "accuracy_generation": null,
    "yes_rate": 0.7,
    "p_yes": 0.54736328125,
    "entropy": 0.6390625,
    "normalized_entropy": 0.9219722995681033
  },
  "hardretain_open": {
    "probe_type": "open",
    "n": 35,
    "refusal_rate": 0.05714285714285714,
    "rougeL_recall": 0.6517355660212804
  },
  "hardretain_mcq": {
    "probe_type": "mcq",
    "n": 34,
    "accuracy": 0.6764705882352942,
    "accuracy_distribution": 0.6764705882352942,
    "accuracy_generation": null,
    "entropy": 1.002829159007353,
    "normalized_entropy": 0.6230927898863042,
    "p_correct": 0.5429148954503676,
    "p_obfuscation": null
  },
  "hardretain_yesno": {
    "probe_type": "yes_no",
    "n": 35,
    "accuracy": 0.9142857142857143,
    "accuracy_distribution": 0.9142857142857143,
    "accuracy_generation": null,
    "yes_rate": 0.08571428571428572,
    "p_yes": 0.22979213169642856,
    "entropy": 0.46255580357142856,
    "normalized_entropy": 0.6673269639469095
  },
  "retain_open": {
    "probe_type": "open",
    "n": 493,
    "refusal_rate": 0.0,
    "rougeL_recall": 0.906681199125418
  },
  "retain_yesno": {
    "probe_type": "yes_no",
    "n": 99,
    "accuracy": 0.9797979797979798,
    "accuracy_distribution": 0.9797979797979798,
    "accuracy_generation": null,
    "yes_rate": 0.020202020202020204,
    "p_yes": 0.15648304332386365,
    "entropy": 0.3800307765151515,
    "normalized_entropy": 0.5482685166635909
  }
}