split,probe_type,accuracy,accuracy_distribution,accuracy_generation,entropy,n,normalized_entropy,p_correct,p_obfuscation,p_yes,refusal_rate,rougeL_recall,yes_rate
forget_open,open,,,,,10,,,,,0.6,0.08333333333333333,
forget_mcq,mcq,0.4,0.4,,1.346875,10,0.8368604899849773,0.26859130859375,,,,,
forget_yesno,yes_no,0.6,0.6,,0.630078125,10,0.9090105863101166,,,0.5095703125,,,0.6
forget_yesno_false_control,yes_no,0.3,0.3,,0.6390625,10,0.9219722995681033,,,0.54736328125,,,0.7
hardretain_open,open,,,,,35,,,,,0.05714285714285714,0.6517355660212804,
hardretain_mcq,mcq,0.6764705882352942,0.6764705882352942,,1.002829159007353,34,0.6230927898863042,0.5429148954503676,,,,,
hardretain_yesno,yes_no,0.9142857142857143,0.9142857142857143,,0.46255580357142856,35,0.6673269639469095,,,0.22979213169642856,,,0.08571428571428572
retain_open,open,,,,,493,,,,,0.0,0.906681199125418,
retain_yesno,yes_no,0.9797979797979798,0.9797979797979798,,0.3800307765151515,99,0.5482685166635909,,,0.15648304332386365,,,0.020202020202020204
