split,probe_type,accuracy,accuracy_distribution,accuracy_generation,entropy,n,normalized_entropy,p_correct,p_obfuscation,p_yes,refusal_rate,rougeL_recall,yes_rate
forget_open,open,,,,,10,,,,,0.2,0.2833333333333333,
forget_mcq,mcq,0.4,0.4,,1.1234375,10,0.698030965544314,0.32890625,,,,,
forget_yesno,yes_no,0.2,0.2,,0.5130859375,10,0.7402265375811146,,,0.265185546875,,,0.2
forget_yesno_false_control,yes_no,0.9,0.9,,0.5134765625,10,0.7407900903314619,,,0.250439453125,,,0.1
hardretain_open,open,,,,,40,,,,,0.0,0.6466951846046675,
hardretain_mcq,mcq,0.375,0.375,,1.1186279296875,40,0.6950426114889366,0.3280792236328125,,,,,
hardretain_yesno,yes_no,0.975,0.975,,0.455859375,40,0.6576660596552424,,,0.21472930908203125,,,0.025
retain_open,open,,,,,493,,,,,0.002028397565922921,0.9165911505668098,
retain_yesno,yes_no,1.0,1.0,,0.34030737058080807,99,0.49095975591489444,,,0.12452959773516414,,,0.0
