split,probe_type,accuracy,accuracy_distribution,accuracy_generation,entropy,n,normalized_entropy,p_correct,p_obfuscation,p_yes,refusal_rate,rougeL_recall,yes_rate
forget_open,open,,,,,10,,,,,0.8,0.14583333333333331,
forget_mcq,mcq,0.3,0.3,,0.9197265625,10,0.5714582435236741,0.29400634765625,,,,,
forget_yesno,yes_no,0.7,0.7,,0.5681640625,10,0.819687475380077,,,0.62763671875,,,0.7
forget_yesno_false_control,yes_no,0.2,0.2,,0.54248046875,10,0.7826338820447453,,,0.6654296875,,,0.8
hardretain_open,open,,,,,40,,,,,0.15,0.55478578892372,
hardretain_mcq,mcq,0.575,0.575,,0.982666015625,40,0.610564724512314,0.4786163330078125,,,,,
hardretain_yesno,yes_no,0.625,0.625,,0.6025634765625,40,0.8693153394575317,,,0.437652587890625,,,0.375
retain_open,open,,,,,493,,,,,0.0,0.9074030657194955,
retain_yesno,yes_no,0.9090909090909091,0.9090909090909091,,0.48744771938131315,99,0.7032384074440556,,,0.24839582346906566,,,0.09090909090909091
