{
  "forget_open": {
    "probe_type": "open",
    "n": 10,
    "refusal_rate": 0.8,
    "rougeL_recall": 0.14583333333333331
  },
  "forget_mcq": {
    "probe_type": "mcq",
    "n": 10,
    "accuracy": 0.3,
    "accuracy_distribution": 0.3,
    "accuracy_generation": null,
    "entropy": 0.9197265625,
    "normalized_entropy": 0.5714582435236741,
    "p_correct": 0.29400634765625,
    "p_obfuscation": null
  },
  "forget_yesno": {
    "probe_type": "yes_no",
    "n": 10,
    "accuracy": 0.7,
    "accuracy_distribution": 0.7,
    "accuracy_generation": null,
    "yes_rate": 0.7,
    "p_yes": 0.62763671875,
    "entropy": 0.5681640625,
    "normalized_entropy": 0.819687475380077
  },
  "forget_yesno_false_control": {
    "probe_type": "yes_no",
    "n": 10,
    "accuracy": 0.2,
    "accuracy_distribution": 0.2,
    "accuracy_generation": null,
    "yes_rate": 0.8,
    "p_yes": 0.6654296875,
    "entropy": 0.54248046875,
    "normalized_entropy": 0.7826338820447453
  },
  "hardretain_open": {
    "probe_type": "open",
    "n": 40,
    "refusal_rate": 0.15,
    "rougeL_recall": 0.55478578892372
  },
  "hardretain_mcq": {
    "probe_type": "mcq",
    "n": 40,
    "accuracy": 0.575,
    "accuracy_distribution": 0.575,
    "accuracy_generation": null,
    "entropy": 0.982666015625,
    "normalized_entropy": 0.610564724512314,
    "p_correct": 0.4786163330078125,
    "p_obfuscation": null
  },
  "hardretain_yesno": {
    "probe_type": "yes_no",
    "n": 40,
    "accuracy": 0.625,
    "accuracy_distribution": 0.625,
    "accuracy_generation": null,
    "yes_rate": 0.375,
    "p_yes": 0.437652587890625,
    "entropy": 0.6025634765625,
    "normalized_entropy": 0.8693153394575317
  },
  "retain_open": {
    "probe_type": "open",
    "n": 493,
    "refusal_rate": 0.0,
    "rougeL_recall": 0.9074030657194955
  },
  "retain_yesno": {
    "probe_type": "yes_no",
    "n": 99,
    "accuracy": 0.9090909090909091,
    "accuracy_distribution": 0.9090909090909091,
    "accuracy_generation": null,
    "yes_rate": 0.09090909090909091,
    "p_yes": 0.24839582346906566,
    "entropy": 0.48744771938131315,
    "normalized_entropy": 0.7032384074440556
  }
}