split,probe_type,accuracy,accuracy_distribution,accuracy_generation,entropy,n,normalized_entropy,p_correct,p_obfuscation,p_yes,refusal_rate,rougeL_recall,yes_rate
forget_open,open,,,,,11,,,,,0.5454545454545454,0.22727272727272727,
forget_mcq,mcq,0.2727272727272727,0.2727272727272727,,1.2869318181818181,11,0.7996156970326823,0.2344082919034091,,,,,
forget_yesno,yes_no,0.9090909090909091,0.9090909090909091,,0.5545099431818182,11,0.7999887451520301,,,0.7025923295454546,,,0.9090909090909091
forget_yesno_false_control,yes_no,0.09090909090909091,0.09090909090909091,,0.5408380681818182,11,0.7802643988898762,,,0.7068536931818182,,,0.9090909090909091
hardretain_open,open,,,,,39,,,,,0.07692307692307693,0.5617885279949053,
hardretain_mcq,mcq,0.8717948717948718,0.8717948717948718,,0.9674228766025641,39,0.6010936297253255,0.6126865484775641,,,,,
hardretain_yesno,yes_no,0.5897435897435898,0.5897435897435898,,0.5998096955128205,39,0.8653424731934655,,,0.4264072516025641,,,0.41025641025641024
retain_open,open,,,,,493,,,,,0.0,0.8934407827916955,
retain_yesno,yes_no,0.8686868686868687,0.8686868686868687,,0.522396819760101,99,0.7536593012440634,,,0.29803898358585856,,,0.13131313131313133
