split,probe_type,accuracy,accuracy_distribution,accuracy_generation,entropy,n,normalized_entropy,p_correct,p_obfuscation,p_yes,refusal_rate,rougeL_recall,yes_rate
forget_open,open,,,,,11,,,,,0.6363636363636364,0.49242424242424243,
forget_mcq,mcq,0.36363636363636365,0.36363636363636365,,1.2528409090909092,11,0.7784338242636046,0.3503639914772727,,,,,
forget_yesno,yes_no,0.7272727272727273,0.7272727272727273,,0.6100852272727273,11,0.8801669319059798,,,0.6075994318181818,,,0.7272727272727273
forget_yesno_false_control,yes_no,0.36363636363636365,0.36363636363636365,,0.5656960227272727,11,0.8161268466392467,,,0.5246360085227273,,,0.6363636363636364
hardretain_open,open,,,,,39,,,,,0.23076923076923078,0.5213020040045451,
hardretain_mcq,mcq,0.7435897435897436,0.7435897435897436,,1.1203425480769231,39,0.6961079637937237,0.5227989783653846,,,,,
hardretain_yesno,yes_no,0.7692307692307693,0.7692307692307693,,0.5140224358974359,39,0.7415776191748961,,,0.3368514623397436,,,0.23076923076923078
retain_open,open,,,,,493,,,,,0.012170385395537525,0.8997933551686088,
retain_yesno,yes_no,0.9090909090909091,0.9090909090909091,,0.4316061000631313,99,0.6226759801785051,,,0.2155404139046717,,,0.09090909090909091
