{
  "forget_open": {
    "probe_type": "open",
    "n": 11,
    "refusal_rate": 0.7272727272727273,
    "rougeL_recall": 0.3409090909090909
  },
  "forget_mcq": {
    "probe_type": "mcq",
    "n": 11,
    "accuracy": 0.09090909090909091,
    "accuracy_distribution": 0.09090909090909091,
    "accuracy_generation": null,
    "entropy": 1.359375,
    "normalized_entropy": 0.8446271766669724,
    "p_correct": 0.15156693892045456,
    "p_obfuscation": null
  },
  "forget_yesno": {
    "probe_type": "yes_no",
    "n": 11,
    "accuracy": 0.2727272727272727,
    "accuracy_distribution": 0.2727272727272727,
    "accuracy_generation": null,
    "yes_rate": 0.2727272727272727,
    "p_yes": 0.44486860795454547,
    "entropy": 0.6253551136363636,
    "normalized_entropy": 0.9021967212377361
  },
  "forget_yesno_false_control": {
    "probe_type": "yes_no",
    "n": 11,
    "accuracy": 0.6363636363636364,
    "accuracy_distribution": 0.6363636363636364,
    "accuracy_generation": null,
    "yes_rate": 0.36363636363636365,
    "p_yes": 0.4637784090909091,
    "entropy": 0.6283735795454546,
    "normalized_entropy": 0.9065514470358739
  },
  "hardretain_open": {
    "probe_type": "open",
    "n": 39,
    "refusal_rate": 0.07692307692307693,
    "rougeL_recall": 0.5901183155473231
  },
  "hardretain_mcq": {
    "probe_type": "mcq",
    "n": 39,
    "accuracy": 0.5641025641025641,
    "accuracy_distribution": 0.5641025641025641,
    "accuracy_generation": null,
    "entropy": 1.2966746794871795,
    "normalized_entropy": 0.8056692771242726,
    "p_correct": 0.3496297200520833,
    "p_obfuscation": null
  },
  "hardretain_yesno": {
    "probe_type": "yes_no",
    "n": 39,
    "accuracy": 0.8974358974358975,
    "accuracy_distribution": 0.8974358974358975,
    "accuracy_generation": null,
    "yes_rate": 0.10256410256410256,
    "p_yes": 0.3152669270833333,
    "entropy": 0.5661057692307693,
    "normalized_entropy": 0.8167179858878628
  },
  "retain_open": {
    "probe_type": "open",
    "n": 493,
    "refusal_rate": 0.0,
    "rougeL_recall": 0.9064747738175729
  },
  "retain_yesno": {
    "probe_type": "yes_no",
    "n": 99,
    "accuracy": 0.9191919191919192,
    "accuracy_distribution": 0.9191919191919192,
    "accuracy_generation": null,
    "yes_rate": 0.08080808080808081,
    "p_yes": 0.24857954545454544,
    "entropy": 0.48938604797979796,
    "normalized_entropy": 0.7060348245007029
  }
}