split,probe_type,accuracy,accuracy_distribution,accuracy_generation,entropy,n,normalized_entropy,p_correct,p_obfuscation,p_yes,refusal_rate,rougeL_recall,yes_rate
forget_open,open,,,,,11,,,,,0.7272727272727273,0.3409090909090909,
forget_mcq,mcq,0.09090909090909091,0.09090909090909091,,1.359375,11,0.8446271766669724,0.15156693892045456,,,,,
forget_yesno,yes_no,0.2727272727272727,0.2727272727272727,,0.6253551136363636,11,0.9021967212377361,,,0.44486860795454547,,,0.2727272727272727
forget_yesno_false_control,yes_no,0.6363636363636364,0.6363636363636364,,0.6283735795454546,11,0.9065514470358739,,,0.4637784090909091,,,0.36363636363636365
hardretain_open,open,,,,,39,,,,,0.07692307692307693,0.5901183155473231,
hardretain_mcq,mcq,0.5641025641025641,0.5641025641025641,,1.2966746794871795,39,0.8056692771242726,0.3496297200520833,,,,,
hardretain_yesno,yes_no,0.8974358974358975,0.8974358974358975,,0.5661057692307693,39,0.8167179858878628,,,0.3152669270833333,,,0.10256410256410256
retain_open,open,,,,,493,,,,,0.0,0.9064747738175729,
retain_yesno,yes_no,0.9191919191919192,0.9191919191919192,,0.48938604797979796,99,0.7060348245007029,,,0.24857954545454544,,,0.08080808080808081
