split,probe_type,accuracy,accuracy_distribution,accuracy_generation,entropy,letter_extraction_rate,n,normalized_entropy,p_correct,p_obfuscation,p_yes,parse_rate,refusal_rate,rougeL_recall,yes_rate
forget_open,open,,,,,,10,,,,,,0.3,0.5583333333333333,
forget_mcq,mcq,0.7,0.4,0.7,1.04931640625,1.0,10,0.6519769406096708,0.35009765625,,,1.0,,,
forget_yesno,yes_no,0.5,0.5,,0.6119140625,,10,0.8828053834189692,,,0.579296875,,,,0.5
forget_yesno_false_control,yes_no,0.8,0.8,,0.534765625,,10,0.7715037152253871,,,0.33046875,,,,0.2
hardretain_open,open,,,,,,40,,,,,,0.2,0.627156043190526,
hardretain_mcq,mcq,0.775,0.55,0.775,1.253759765625,1.0,40,0.7790047419280836,0.38602294921875,,,1.0,,,
hardretain_yesno,yes_no,0.675,0.675,,0.52059326171875,,40,0.751057317001851,,,0.3971832275390625,,,,0.325
retain_open,open,,,,,,98,,,,,,0.01020408163265306,0.9174500103071532,
retain_yesno,yes_no,0.9090909090909091,0.9090909090909091,,0.4316061000631313,,99,0.6226759801785051,,,0.2155404139046717,,,,0.09090909090909091
