{
  "forget_open": {
    "probe_type": "open",
    "n": 11,
    "refusal_rate": 0.6363636363636364,
    "rougeL_recall": 0.22727272727272727
  },
  "forget_mcq": {
    "probe_type": "mcq",
    "n": 11,
    "accuracy": 0.18181818181818182,
    "accuracy_distribution": 0.18181818181818182,
    "accuracy_generation": null,
    "entropy": 1.2073863636363635,
    "normalized_entropy": 0.7501913272381677,
    "p_correct": 0.21407248757102273,
    "p_obfuscation": null
  },
  "forget_yesno": {
    "probe_type": "yes_no",
    "n": 11,
    "accuracy": 0.6363636363636364,
    "accuracy_distribution": 0.6363636363636364,
    "accuracy_generation": null,
    "yes_rate": 0.6363636363636364,
    "p_yes": 0.5389737215909091,
    "entropy": 0.6296164772727273,
    "normalized_entropy": 0.9083445694233423
  },
  "forget_yesno_false_control": {
    "probe_type": "yes_no",
    "n": 11,
    "accuracy": 0.45454545454545453,
    "accuracy_distribution": 0.45454545454545453,
    "accuracy_generation": null,
    "yes_rate": 0.5454545454545454,
    "p_yes": 0.5798117897727273,
    "entropy": 0.6075994318181818,
    "normalized_entropy": 0.8765806871310428
  },
  "hardretain_open": {
    "probe_type": "open",
    "n": 39,
    "refusal_rate": 0.0,
    "rougeL_recall": 0.5763560079715925
  },
  "hardretain_mcq": {
    "probe_type": "mcq",
    "n": 39,
    "accuracy": 0.7948717948717948,
    "accuracy_distribution": 0.7948717948717948,
    "accuracy_generation": null,
    "entropy": 0.8949068509615384,
    "normalized_entropy": 0.5560368896791358,
    "p_correct": 0.6061448317307693,
    "p_obfuscation": null
  },
  "hardretain_yesno": {
    "probe_type": "yes_no",
    "n": 39,
    "accuracy": 0.6666666666666666,
    "accuracy_distribution": 0.6666666666666666,
    "accuracy_generation": null,
    "yes_rate": 0.3333333333333333,
    "p_yes": 0.38084685496794873,
    "entropy": 0.5822315705128205,
    "normalized_entropy": 0.839982599427839
  },
  "retain_open": {
    "probe_type": "open",
    "n": 493,
    "refusal_rate": 0.0,
    "rougeL_recall": 0.9072555458965195
  },
  "retain_yesno": {
    "probe_type": "yes_no",
    "n": 99,
    "accuracy": 0.9494949494949495,
    "accuracy_distribution": 0.9494949494949495,
    "accuracy_generation": null,
    "yes_rate": 0.050505050505050504,
    "p_yes": 0.22782266019570707,
    "entropy": 0.47159584122474746,
    "normalized_entropy": 0.6803689814388022
  }
}