split,probe_type,accuracy,accuracy_distribution,accuracy_generation,entropy,n,normalized_entropy,p_correct,p_obfuscation,p_yes,refusal_rate,rougeL_recall,yes_rate
forget_open,open,,,,,11,,,,,0.6363636363636364,0.22727272727272727,
forget_mcq,mcq,0.18181818181818182,0.18181818181818182,,1.2073863636363635,11,0.7501913272381677,0.21407248757102273,,,,,
forget_yesno,yes_no,0.6363636363636364,0.6363636363636364,,0.6296164772727273,11,0.9083445694233423,,,0.5389737215909091,,,0.6363636363636364
forget_yesno_false_control,yes_no,0.45454545454545453,0.45454545454545453,,0.6075994318181818,11,0.8765806871310428,,,0.5798117897727273,,,0.5454545454545454
hardretain_open,open,,,,,39,,,,,0.0,0.5763560079715925,
hardretain_mcq,mcq,0.7948717948717948,0.7948717948717948,,0.8949068509615384,39,0.5560368896791358,0.6061448317307693,,,,,
hardretain_yesno,yes_no,0.6666666666666666,0.6666666666666666,,0.5822315705128205,39,0.839982599427839,,,0.38084685496794873,,,0.3333333333333333
retain_open,open,,,,,493,,,,,0.0,0.9072555458965195,
retain_yesno,yes_no,0.9494949494949495,0.9494949494949495,,0.47159584122474746,99,0.6803689814388022,,,0.22782266019570707,,,0.050505050505050504
