split,probe_type,accuracy,accuracy_distribution,accuracy_generation,entropy,n,normalized_entropy,p_correct,p_obfuscation,p_yes,refusal_rate,rougeL_recall,yes_rate
forget_open,open,,,,,10,,,,,0.7,0.33333333333333337,
forget_mcq,mcq,0.7,0.7,0.7,1.4319656571615269e-13,10,1.1388547684916081e-11,1.4429256400827483e-14,,,,,
forget_yesno,yes_no,0.2,0.2,,0.5583984375,10,0.8055986566213958,,,0.33017578125,,,0.2
forget_yesno_false_control,yes_no,0.9,0.9,,0.5037109375,10,0.7267012715727806,,,0.25947265625,,,0.1
hardretain_open,open,,,,,35,,,,,0.14285714285714285,0.6353183324611895,
hardretain_mcq,mcq,0.8823529411764706,0.8823529411764706,0.8823529411764706,2.565725409908737e-13,34,2.0405437819693807e-11,3.236881759359571e-14,,,,,
hardretain_yesno,yes_no,0.7714285714285715,0.7714285714285715,,0.44302455357142856,35,0.6391493264295469,,,0.2755972726004464,,,0.22857142857142856
retain_open,open,,,,,493,,,,,0.012170385395537525,0.8997933551686088,
retain_yesno,yes_no,0.9090909090909091,0.9090909090909091,,0.4316061000631313,99,0.6226759801785051,,,0.2155404139046717,,,0.09090909090909091
