split,probe_type,accuracy,accuracy_distribution,accuracy_generation,entropy,n,normalized_entropy,p_correct,p_obfuscation,p_yes,refusal_rate,rougeL_recall,yes_rate
forget_open,open,,,,,10,,,,,0.6,0.08333333333333333,
forget_mcq,mcq,0.2,0.2,,1.1474609375,10,0.7129575665112735,0.2905029296875,,,,,
forget_yesno,yes_no,0.1,0.1,,0.5076171875,10,0.7323367990762532,,,0.245849609375,,,0.1
forget_yesno_false_control,yes_no,0.9,0.9,,0.492578125,10,0.710640018187884,,,0.2460693359375,,,0.1
hardretain_open,open,,,,,40,,,,,0.15,0.574662356321839,
hardretain_mcq,mcq,0.525,0.525,,1.144189453125,40,0.7109248789812199,0.40609130859375,,,,,
hardretain_yesno,yes_no,0.975,0.975,,0.45054931640625,40,0.6500052644552093,,,0.1933013916015625,,,0.025
retain_open,open,,,,,493,,,,,0.0,0.9066552221724634,
retain_yesno,yes_no,1.0,1.0,,0.2867838541666667,99,0.4137416442132737,,,0.09632888948074494,,,0.0
