split,probe_type,accuracy,accuracy_distribution,accuracy_generation,entropy,n,normalized_entropy,p_correct,p_obfuscation,p_yes,refusal_rate,rougeL_recall,yes_rate
forget_open,open,,,,,9,,,,,0.8888888888888888,0.14814814814814814,
forget_mcq,mcq,0.5555555555555556,0.5555555555555556,,1.3098958333333333,9,0.8138840418840749,0.3760308159722222,,,,,
forget_yesno,yes_no,0.3333333333333333,0.3333333333333333,,0.6391059027777778,9,0.9220349165403641,,,0.4136284722222222,,,0.3333333333333333
forget_yesno_false_control,yes_no,0.6666666666666666,0.6666666666666666,,0.6158854166666666,9,0.8885348363808329,,,0.3978949652777778,,,0.3333333333333333
hardretain_open,open,,,,,38,,,,,0.21052631578947367,0.4793216239011433,
hardretain_mcq,mcq,0.7368421052631579,0.7368421052631579,,1.040553042763158,38,0.6465319567310516,0.5273341128700658,,,,,
hardretain_yesno,yes_no,0.9473684210526315,0.9473684210526315,,0.4437448601973684,38,0.6401885092267098,,,0.21048134251644737,,,0.05263157894736842
retain_open,open,,,,,493,,,,,0.0,0.8975402386659992,
retain_yesno,yes_no,0.98989898989899,0.98989898989899,,0.35395951704545453,99,0.5106556399169299,,,0.1318112768308081,,,0.010101010101010102
