{
  "forget_open": {
    "probe_type": "open",
    "n": 9,
    "refusal_rate": 0.8888888888888888,
    "rougeL_recall": 0.14814814814814814
  },
  "forget_mcq": {
    "probe_type": "mcq",
    "n": 9,
    "accuracy": 0.5555555555555556,
    "accuracy_distribution": 0.5555555555555556,
    "accuracy_generation": null,
    "entropy": 1.3098958333333333,
    "normalized_entropy": 0.8138840418840749,
    "p_correct": 0.3760308159722222,
    "p_obfuscation": null
  },
  "forget_yesno": {
    "probe_type": "yes_no",
    "n": 9,
    "accuracy": 0.3333333333333333,
    "accuracy_distribution": 0.3333333333333333,
    "accuracy_generation": null,
    "yes_rate": 0.3333333333333333,
    "p_yes": 0.4136284722222222,
    "entropy": 0.6391059027777778,
    "normalized_entropy": 0.9220349165403641
  },
  "forget_yesno_false_control": {
    "probe_type": "yes_no",
    "n": 9,
    "accuracy": 0.6666666666666666,
    "accuracy_distribution": 0.6666666666666666,
    "accuracy_generation": null,
    "yes_rate": 0.3333333333333333,
    "p_yes": 0.3978949652777778,
    "entropy": 0.6158854166666666,
    "normalized_entropy": 0.8885348363808329
  },
  "hardretain_open": {
    "probe_type": "open",
    "n": 38,
    "refusal_rate": 0.21052631578947367,
    "rougeL_recall": 0.4793216239011433
  },
  "hardretain_mcq": {
    "probe_type": "mcq",
    "n": 38,
    "accuracy": 0.7368421052631579,
    "accuracy_distribution": 0.7368421052631579,
    "accuracy_generation": null,
    "entropy": 1.040553042763158,
    "normalized_entropy": 0.6465319567310516,
    "p_correct": 0.5273341128700658,
    "p_obfuscation": null
  },
  "hardretain_yesno": {
    "probe_type": "yes_no",
    "n": 38,
    "accuracy": 0.9473684210526315,
    "accuracy_distribution": 0.9473684210526315,
    "accuracy_generation": null,
    "yes_rate": 0.05263157894736842,
    "p_yes": 0.21048134251644737,
    "entropy": 0.4437448601973684,
    "normalized_entropy": 0.6401885092267098
  },
  "retain_open": {
    "probe_type": "open",
    "n": 493,
    "refusal_rate": 0.0,
    "rougeL_recall": 0.8975402386659992
  },
  "retain_yesno": {
    "probe_type": "yes_no",
    "n": 99,
    "accuracy": 0.98989898989899,
    "accuracy_distribution": 0.98989898989899,
    "accuracy_generation": null,
    "yes_rate": 0.010101010101010102,
    "p_yes": 0.1318112768308081,
    "entropy": 0.35395951704545453,
    "normalized_entropy": 0.5106556399169299
  }
}