split,probe_type,accuracy,accuracy_distribution,accuracy_generation,entropy,n,normalized_entropy,p_correct,p_obfuscation,p_yes,refusal_rate,rougeL_recall,yes_rate
forget_open,open,,,,,10,,,,,0.6,0.30833333333333335,
forget_mcq,mcq,0.3,0.3,,1.20703125,10,0.7499706827301564,0.28671875,,,,,
forget_yesno,yes_no,0.5,0.5,,0.66328125,10,0.9569125700896329,,,0.4978515625,,,0.5
forget_yesno_false_control,yes_no,0.3,0.3,,0.678515625,10,0.9788911273531757,,,0.5029296875,,,0.7
hardretain_open,open,,,,,35,,,,,0.08571428571428572,0.638700505843363,
hardretain_mcq,mcq,0.6764705882352942,0.6764705882352942,,0.8919462316176471,34,0.5541973534528433,0.5622414981617647,,,,,
hardretain_yesno,yes_no,0.8857142857142857,0.8857142857142857,,0.5176199776785714,35,0.7467677748619307,,,0.2961495535714286,,,0.11428571428571428
retain_open,open,,,,,493,,,,,0.002028397565922921,0.913612947791447,
retain_yesno,yes_no,0.797979797979798,0.797979797979798,,0.5258542455808081,99,0.7586473123298391,,,0.32805101799242425,,,0.20202020202020202
